{"8": {"8.1": {"testing_data": 12113, "sensitivity": 1.0, "precision": 0.9985619469026549, "training_data": 84787, "specificity": 0.9957874270900843, "accuracy": 0.9989267728886321}, "8.3": {"testing_data": 12113, "sensitivity": 0.9997764863656683, "precision": 0.99910654456109, "training_data": 84787, "specificity": 0.9974723538704582, "accuracy": 0.9991744406835631}, "8.2": {"testing_data": 12113, "sensitivity": 0.9998877287526664, "precision": 0.9986544068176721, "training_data": 84787, "specificity": 0.9962570180910792, "accuracy": 0.9989267728886321}, "8.5": {"testing_data": 12112, "sensitivity": 0.9997788099977881, "precision": 0.9990054149629793, "training_data": 84788, "specificity": 0.9970684039087948, "accuracy": 0.9990918097754293}, "8.4": {"testing_data": 12113, "sensitivity": 0.9998880555244599, "precision": 0.9991051454138703, "training_data": 84787, "specificity": 0.9974842767295597, "accuracy": 0.9992569966152068}, "8.7": {"testing_data": 12112, "sensitivity": 0.9997779504829577, "precision": 0.9988907376594565, "training_data": 84788, "specificity": 0.9967793880837359, "accuracy": 0.9990092470277411}, "8.6": {"testing_data": 12112, "sensitivity": 0.9997780736795384, "precision": 0.9988913525498891, "training_data": 84788, "specificity": 0.9967741935483871, "accuracy": 0.9990092470277411}, "8.8": {"training_data": 84788, "testing_data": 12112, "sensitivity": 0.9998896125400154, "specificity": 0.9980347199475925, "precision": 0.9993380406001765, "accuracy": 0.9994220607661823}}, "4": {"4.4": {"testing_data": 24225, "sensitivity": 0.9995538701762213, "precision": 0.9989967673614981, "training_data": 72675, "specificity": 0.997139679008422, "accuracy": 0.9989267285861713}, "4.1": {"testing_data": 24225, "sensitivity": 0.9996676452667147, "precision": 0.9989483006753017, "training_data": 72675, "specificity": 0.9969215813350616, "accuracy": 0.9989680082559339}, "4.3": {"testing_data": 24225, "sensitivity": 0.9996115642861106, "precision": 0.9983927284819598, "training_data": 72675, "specificity": 0.9953255963894262, "accuracy": 0.9985139318885449}, "4.2": {"testing_data": 24225, "sensitivity": 0.999665402632166, "precision": 0.9987185915649897, "training_data": 72675, "specificity": 0.9963451453996504, "accuracy": 0.9988028895768833}}}