{"8": {"8.1": {"testing_data": 12113, "sensitivity": 0.9998874507597074, "precision": 0.9993250843644544, "training_data": 84787, "specificity": 0.9981412639405205, "accuracy": 0.9994221084784942}, "8.3": {"testing_data": 12113, "sensitivity": 0.9998895027624309, "precision": 0.9991167053108093, "training_data": 84787, "specificity": 0.9973881815213843, "accuracy": 0.9992569966152068}, "8.2": {"testing_data": 12113, "sensitivity": 0.9998886290232766, "precision": 0.9994433930758099, "training_data": 84787, "specificity": 0.9984045947670709, "accuracy": 0.9995046644101379}, "8.5": {"testing_data": 12112, "sensitivity": 1.0, "precision": 0.999109230597929, "training_data": 84788, "specificity": 0.9974514176489327, "accuracy": 0.9993394980184941}, "8.4": {"testing_data": 12113, "sensitivity": 0.9998885421310745, "precision": 0.9994429590017825, "training_data": 84787, "specificity": 0.9984081502706145, "accuracy": 0.9995046644101379}, "8.7": {"testing_data": 12112, "sensitivity": 1.0, "precision": 0.999007389434212, "training_data": 84788, "specificity": 0.9970530451866405, "accuracy": 0.9992569352708058}, "8.6": {"testing_data": 12112, "sensitivity": 0.999889392766287, "precision": 0.9995577178239717, "training_data": 84788, "specificity": 0.9986974926733962, "accuracy": 0.9995871862615587}, "8.8": {"training_data": 84788, "testing_data": 12112, "sensitivity": 0.9998888641920427, "specificity": 0.9983943481053308, "precision": 0.9994445678738059, "accuracy": 0.9995046235138706}}, "4": {"4.4": {"testing_data": 24225, "sensitivity": 0.999833647554619, "precision": 0.9994457070007206, "training_data": 72675, "specificity": 0.9983847520594411, "accuracy": 0.9994633642930857}, "4.1": {"testing_data": 24225, "sensitivity": 0.9998890368397692, "precision": 0.9988914754461812, "training_data": 72675, "specificity": 0.9967747137558458, "accuracy": 0.9990918472652219}, "4.3": {"testing_data": 24225, "sensitivity": 0.9999443486003673, "precision": 0.9991658788856141, "training_data": 72675, "specificity": 0.9976023017902813, "accuracy": 0.9993395252837978}, "4.2": {"testing_data": 24225, "sensitivity": 0.999944193314359, "precision": 0.9991078398572544, "training_data": 72675, "specificity": 0.9974627339042182, "accuracy": 0.9992982456140351}}}