{"8": {"8.1": {"testing_data": 12113, "sensitivity": 1.0, "precision": 0.9998888147653991, "training_data": 84787, "specificity": 0.9996794871794872, "accuracy": 0.9999174440683564}, "8.3": {"testing_data": 12113, "sensitivity": 1.0, "precision": 1.0, "training_data": 84787, "specificity": 1.0, "accuracy": 1.0}, "8.2": {"testing_data": 12113, "sensitivity": 1.0, "precision": 1.0, "training_data": 84787, "specificity": 1.0, "accuracy": 1.0}, "8.5": {"testing_data": 12112, "sensitivity": 1.0, "precision": 0.9998897220996912, "training_data": 84788, "specificity": 0.999671592775041, "accuracy": 0.9999174372523117}, "8.4": {"testing_data": 12113, "sensitivity": 1.0, "precision": 1.0, "training_data": 84787, "specificity": 1.0, "accuracy": 1.0}, "8.7": {"testing_data": 12112, "sensitivity": 1.0, "precision": 1.0, "training_data": 84788, "specificity": 1.0, "accuracy": 1.0}, "8.6": {"testing_data": 12112, "sensitivity": 1.0, "precision": 0.9998885918003565, "training_data": 84788, "specificity": 0.999681224099458, "accuracy": 0.9999174372523117}, "8.8": {"training_data": 84788, "testing_data": 12112, "sensitivity": 1.0, "specificity": 0.9996747967479674, "precision": 0.999889356052224, "accuracy": 0.9999174372523117}}, "4": {"4.4": {"testing_data": 24225, "sensitivity": 1.0, "precision": 0.9999443640814509, "training_data": 72675, "specificity": 0.9998400511836213, "accuracy": 0.9999587203302374}, "4.1": {"testing_data": 24225, "sensitivity": 1.0, "precision": 0.9999446810864635, "training_data": 72675, "specificity": 0.9998373719303952, "accuracy": 0.9999587203302374}, "4.3": {"testing_data": 24225, "sensitivity": 1.0, "precision": 0.9998889814043852, "training_data": 72675, "specificity": 0.9996780424983902, "accuracy": 0.9999174406604747}, "4.2": {"testing_data": 24225, "sensitivity": 1.0, "precision": 1.0, "training_data": 72675, "specificity": 1.0, "accuracy": 1.0}}}